{
  "games": [
    {
      "date": "02/09/2015",
      "visiting": "Vancouver",
      "home": "Minnesota",
      "time": "8:00 PM EST"
    },
    {
      "date": "02/11/2015",
      "visiting": "Vancouver",
      "home": "Minnesota",
      "time": "8:00 PM EST"
    },
    {
      "date": "02/13/2015",
      "visiting": "Vancouver",
      "home": "Chicago",
      "time": "8:00 PM EST"
    },
    {
      "date": "02/14/2015",
      "visiting": "Boston",
      "home": "Vancouver",
      "time": "10:00 PM EST"
    },
    {
      "date": "02/16/2015",
      "visiting": "Vancouver",
      "home": "Calgary",
      "time": "10:00 PM EST"
    },
    {
      "date": "02/19/2015",
      "visiting": "Minnesota",
      "home": "Vancouver",
      "time": "10:00 PM EST"
    }
  ]
}